-- phpMyAdmin SQL Dump
-- version 4.5.4.1deb2ubuntu2
-- http://www.phpmyadmin.net
--
-- Host: localhost
-- Generation Time: Oct 24, 2016 at 03:09 PM
-- Server version: 5.7.15-0ubuntu0.16.04.1
-- PHP Version: 7.0.8-0ubuntu0.16.04.3

SET SQL_MODE = "NO_AUTO_VALUE_ON_ZERO";
SET time_zone = "+00:00";

--
-- Database: `REST_Demo`
--

-- --------------------------------------------------------

--
-- Table structure for table `sched_courses`
--

DROP TABLE IF EXISTS `sched_courses`;
CREATE TABLE IF NOT EXISTS `sched_courses` (
  `CourseID` int(11) NOT NULL,
  `CourseCode` varchar(16) CHARACTER SET utf8 COLLATE utf8_unicode_ci NOT NULL,
  `Dept` varchar(4) CHARACTER SET utf8 COLLATE utf8_unicode_ci NOT NULL,
  `MaxStudents` int(11) NOT NULL,
  `Site` varchar(16) CHARACTER SET utf8 COLLATE utf8_unicode_ci NOT NULL,
  `Credits` int(11) NOT NULL,
  `SatUnsatAllowed` varchar(16) CHARACTER SET utf8 COLLATE utf8_unicode_ci NOT NULL,
  `Fee` varchar(4) NOT NULL,
  `ServiceLearning` varchar(4) CHARACTER SET utf8 COLLATE utf8_unicode_ci NOT NULL,
  `DeliveryMethod` varchar(16) CHARACTER SET utf8 COLLATE utf8_unicode_ci NOT NULL,
  `CourseSubtitle` varchar(127) CHARACTER SET utf8 COLLATE utf8_unicode_ci NOT NULL,
  PRIMARY KEY (`CourseID`)
) ENGINE=InnoDB DEFAULT CHARSET=latin1;

--
-- Indexes for table `sched_courses`
--
ALTER TABLE `sched_courses`
  ADD PRIMARY KEY (`CourseID`);

ALTER TABLE `sched_courses`
  MODIFY `CourseID` int(11) NOT NULL AUTO_INCREMENT, AUTO_INCREMENT=116;


--
-- Dumping data for table `sched_courses`
--

INSERT INTO `sched_courses` (`CourseID`, `CourseCode`, `Dept`, `MaxStudents`, `Site`, `Credits`, `SatUnsatAllowed`, `Fee`, `ServiceLearning`, `DeliveryMethod`, `CourseSubtitle`) VALUES
(2, 'EGR BME 402', 'BME', 30, 'MM', 3, 'Never', 'Y', 'N', 'CLS', 'Biomedical Instrumentation'),
(3, 'EGR BME 425', 'BME', 25, 'MM', 3, 'Never', 'Y', 'N', 'CLS', 'Basic Transport Phenomena'),
(4, 'EGR BME 440', 'BME', 25, 'MM', 3, 'Never', 'N', 'N', 'CLS', 'Dynamics of Biological Fluids'),
(5, 'EGR BME 460', 'BME', 30, 'MM', 3, 'Never', 'N', 'N', 'CLS', 'Biomedical Materials'),
(6, 'EGR BME 480', 'BME', 30, 'MM', 0, 'Always', 'N', 'N', 'IND', 'Introduction to Senior Design'),
(7, 'EGR BME 487', 'BME', 100, 'MM', 2, 'Never', 'Y', 'N', 'CLS', 'Engineering Design Exhibit I'),
(8, 'EGR BME 488', 'BME', 150, 'MM', 2, 'Never', 'Y', 'N', 'CLS', 'Engineering Design Exhibit II'),
(9, 'EGR BME 491', 'BME', 30, 'MM', 3, 'Never', 'N', 'N', 'CLS', 'Introduction to Tissue Engineering'),
(10, 'EGR BME 493', 'BME', 30, 'MM', 1, 'Never', 'N', 'N', 'CLS', 'Spc Top:Medical Device Design'),
(11, 'EGR BME 591', 'BME', 30, 'MM', 3, 'Never', 'N', 'N', 'CLS', 'Biomedical Materials'),
(12, 'EGR BME 633', 'BME', 30, 'MM', 3, 'Never', 'N', 'N', 'CLS', 'Rhbltn Egr Appld Msculskltl Sys'),
(13, 'EGR ECE 202', 'ECE', 30, 'MM', 3, 'Optional', 'N', 'N', 'CLS', 'Signals & Systems'),
(14, 'EGR ECE 312', 'ECE', 30, 'MM', 2, 'Optional', 'N', 'N', 'CLS', 'Electronics II'),
(15, 'EGR ECE 312L', 'ECE', 16, 'MM', 1, 'Optional', 'Y', 'N', 'CLS', 'Electronics II Laboratory'),
(16, 'EGR ECE 322', 'ECE', 30, 'MM', 2, 'Optional', 'N', 'N', 'CLS', 'Digital Logic'),
(17, 'EGR ECE 341', 'ECE', 30, 'MM', 3, 'Optional', 'N', 'N', 'CLS', 'Electromagnetic Field Theory'),
(18, 'EGR ECE 411', 'ECE', 30, 'MM', 3, 'Optional', 'N', 'N', 'CLS', 'Power Electronics'),
(19, 'EGR ECE 428', 'ECE', 30, 'MM', 3, 'Optional', 'N', 'N', 'CLS', 'Embedded Computer Systems'),
(20, 'EGR ECE 429', 'ECE', 25, 'MM', 3, 'Optional', 'N', 'N', 'CLS', 'Mobile Application Development Using Android'),
(21, 'EGR ECE 432', 'ECE', 30, 'MM', 3, 'Optional', 'N', 'N', 'CLS', 'Digital Signal Processing'),
(22, 'EGR ECE 446', 'ECE', 50, 'MM', 3, 'Optional', 'N', 'N', 'CLS', 'RF Circuit Design'),
(23, 'EGR ECE 452', 'ECE', 30, 'MM', 3, 'Optional', 'N', 'N', 'CLS', 'Communications Systems II'),
(24, 'EGR ECE 455', 'ECE', 30, 'MM', 3, 'Optional', 'N', 'N', 'CLS', 'Computer Networks'),
(25, 'EGR ECE 471', 'ECE', 25, 'MM', 3, 'Optional', 'N', 'N', 'CLS', 'Power Systems Fundamentals'),
(26, 'EGR ECE 480', 'ECE', 100, 'MM', 0, 'Always', 'N', 'N', 'IND', 'Intro Sr Design-Electrical Specl'),
(27, 'EGR ECE 481', 'ECE', 100, 'MM', 0, 'Always', 'N', 'N', 'IND', 'Intro Sr Design-Computer Spclztn'),
(28, 'EGR ECE 485', 'ECE', 100, 'MM', 2, 'Optional', 'Y', 'N', 'CLS', 'Egr Design Exhibit I:Compt Spclz'),
(29, 'EGR ECE 486', 'ECE', 150, 'MM', 2, 'Optional', 'Y', 'N', 'CLS', 'Egr Design Exhibit II-Comp Splzn'),
(30, 'EGR ECE 487', 'ECE', 100, 'MM', 2, 'Optional', 'Y', 'N', 'CLS', 'Egr Design Exhibit I-Elect Spclz'),
(31, 'EGR ECE 488', 'ECE', 150, 'MM', 2, 'Optional', 'Y', 'N', 'CLS', 'Egr Design Exhibit II: Elec Splz'),
(32, 'EGR ECE 511', 'ECE', 30, 'MM', 3, 'Optional', 'N', 'N', 'CLS', 'Power Electronics'),
(33, 'EGR ECE 528', 'ECE', 30, 'MM', 3, 'Optional', 'N', 'N', 'CLS', 'Embedded Computer Systems'),
(34, 'EGR ECE 529', 'ECE', 25, 'MM', 3, 'Optional', 'N', 'N', 'CLS', 'Mobile Application Development Using Android'),
(35, 'EGR ECE 532', 'ECE', 30, 'MM', 3, 'Optional', 'N', 'N', 'CLS', 'Digital Signal Processing'),
(36, 'EGR ECE 546', 'ECE', 50, 'MM', 3, 'Optional', 'N', 'N', 'CLS', 'RF Circuit Design'),
(37, 'EGR ECE 552', 'ECE', 30, 'MM', 3, 'Optional', 'N', 'N', 'CLS', 'Communication Systems II'),
(38, 'EGR ECE 555', 'ECE', 30, 'MM', 3, 'Optional', 'N', 'N', 'CLS', 'Computer Networks'),
(39, 'EGR ECE 571', 'ECE', 25, 'MM', 3, 'Optional', 'N', 'N', 'CLS', 'Power Systems Fundamentals'),
(40, 'EGR ECE 623', 'ECE', 30, 'MM', 3, 'Optional', 'N', 'N', 'CLS', 'Advanced Computer Architecture'),
(41, 'EGR ECE 643', 'ECE', 30, 'MM', 3, 'Optional', 'N', 'N', 'CLS', 'Microwaves'),
(42, 'EGR ECE 654', 'ECE', 4, 'MM', 3, 'Optional', 'N', 'N', 'CLS', 'Convolutional and Turbo Codes'),
(43, 'EGR ECE 691', 'ECE', 30, 'MM', 3, 'Optional', 'N', 'N', 'CLS', 'Spc Top: Nonlinear Control'),
(44, 'EGR EGR 102', 'ECE', 30, 'MM', 1, 'Always', 'N', 'N', 'IND', 'Freshman Engineering Honors II'),
(45, 'EGR EGR 107', 'EGR', 24, 'MM', 3, 'Optional', 'Y', 'N', 'CLS', 'Intro Engineering Design'),
(46, 'EGR EGR 126', 'EGR', 30, 'MM', 3, 'Optional', 'Y', 'N', 'CLS', 'Programming for Engineers'),
(47, 'EGR EGR 202', 'EGR', 30, 'MM', 1, 'Always', 'N', 'N', 'IND', 'Sophomore Engineering Honors II'),
(48, 'EGR EGR 232', 'EGR', 28, 'MM', 3, 'Optional', 'N', 'N', 'CLS', 'Statics/Solid Mechanics'),
(49, 'EGR EGR 235', 'EGR', 25, 'MM', 3, 'Optional', 'N', 'N', 'CLS', 'Thermodynamics'),
(50, 'EGR EGR 236', 'EGR', 25, 'MM', 3, 'Optional', 'N', 'N', 'CLS', 'Dynamics'),
(51, 'EGR EGR 244', 'EGR', 32, 'MM', 4, 'Optional', 'N', 'N', 'CLS', 'Electrical Engineering Fund I'),
(52, 'EGR EGR 245', 'EGR', 70, 'MM', 3, 'Optional', 'N', 'N', 'CLS', 'Introduction to Electronics and Electrical Power'),
(53, 'EGR EGR 246L', 'EGR', 16, 'MM', 1, 'Optional', 'Y', 'N', 'CLS', 'Electric Circuits Laboratory'),
(54, 'EGR EGR 252', 'EGR', 25, 'MM', 3, 'Optional', 'N', 'N', 'CLS', 'Probability & Statistics for Egr'),
(55, 'EGR EGR 302', 'EGR', 30, 'MM', 1, 'Always', 'N', 'N', 'IND', 'Junior Engineering Honors II'),
(56, 'EGR EGR 312', 'EGR', 25, 'MM', 3, 'Optional', 'N', 'N', 'CLS', 'Engineering Economy'),
(57, 'EGR EGR 386', 'EGR', 30, 'MM', 3, 'Optional', 'N', 'N', 'CLS', 'Fdbck Control & Modeling for Egr'),
(58, 'EGR EGR 402', 'EGR', 30, 'MM', 1, 'Always', 'N', 'N', 'IND', 'Senior Engineering Honors II'),
(59, 'EGR EGR 483', 'EGR', 30, 'MM', 0, 'Always', 'N', 'N', 'TBD', 'Entrepreneurship in Egr Design'),
(60, 'EGR ETM 503', 'ISE', 30, 'MM', 3, 'Optional', 'N', 'N', 'CLS', 'Modeling and Simulation Application'),
(61, 'EGR ETM 525', 'ISE', 30, 'MM', 3, 'Optional', 'N', 'N', 'CLS', 'Computer Assisted Manufacturing Systems'),
(62, 'EGR ETM 568', 'ISE', 25, 'MM', 3, 'Optional', 'N', 'N', 'CLS', 'Healthcare Process Improvement'),
(63, 'EGR ETM 671', 'ISE', 30, 'MM', 3, 'Optional', 'N', 'N', 'TBD', 'Ergonomics 1'),
(64, 'EGR EVE 290', 'EVE', 28, 'MM', 3, 'Optional', 'N', 'N', 'CLS', 'Intro to Environmental Engr I'),
(65, 'EGR EVE 290L', 'EVE', 12, 'MM', 1, 'Optional', 'Y', 'N', 'CLS', 'Intro Environmt Enginerring Lab'),
(66, 'EGR EVE 384', 'EVE', 30, 'MM', 3, 'Optional', 'N', 'N', 'CLS', 'Engineering Hydraulics'),
(67, 'EGR EVE 405', 'EVE', 30, 'MM', 3, 'Optional', 'N', 'N', 'CLS', 'Design/Analysis of Wastewater Sy'),
(68, 'EGR EVE 412', 'EVE', 30, 'MM', 3, 'Never', 'N', 'N', 'CLS', 'Green Engineering'),
(69, 'EGR EVE 420', 'EVE', 30, 'MM', 3, 'Optional', 'N', 'N', 'CLS', 'Solid Waste Management'),
(70, 'EGR EVE 480', 'EVE', 100, 'MM', 0, 'Always', 'N', 'N', 'IND', 'Intro to Senior Design'),
(71, 'EGR EVE 487', 'EVE', 100, 'MM', 2, 'Optional', 'Y', 'N', 'CLS', 'Engineering Design Exhibit I'),
(72, 'EGR EVE 488', 'EVE', 150, 'MM', 2, 'Optional', 'Y', 'N', 'CLS', 'Engineering Design Exhibit II'),
(73, 'EGR EVE 505', 'EVE', 30, 'MM', 3, 'Optional', 'N', 'N', 'CLS', 'Design/Analysis of Wastewater Sy'),
(74, 'EGR EVE 512', 'EVE', 30, 'MM', 3, 'Optional', 'N', 'N', 'CLS', 'Green Engineering'),
(75, 'EGR EVE 652', 'EVE', 30, 'MM', 3, 'Optional', 'N', 'N', 'CLS', 'Environmental Engineering Statistics II'),
(76, 'EGR IDM 288', 'ISE', 15, 'MM', 1, 'Optional', 'N', 'N', 'CLS', 'Intro to Industrial Management'),
(77, 'EGR IDM 404', 'ISE', 25, 'MM', 3, 'Optional', 'N', 'N', 'CLS', 'Industrial Management Case Stds'),
(78, 'EGR IDM 487', 'ISE', 150, 'MM', 2, 'Optional', 'Y', 'N', 'CLS', 'Senior Design Exhibit I'),
(79, 'EGR IDM 488', 'ISE', 150, 'MM', 2, 'Optional', 'Y', 'N', 'CLS', 'Senior Design Exhibit II'),
(80, 'EGR ISE 288', 'ISE', 15, 'MM', 1, 'Optional', 'N', 'N', 'CLS', 'Intro Indust Egr & Manufact Egr'),
(81, 'EGR ISE 311', 'ISE', 25, 'MM', 3, 'Optional', 'N', 'N', 'CLS', 'Ergonomics and Work'),
(82, 'EGR ISE 362', 'ISE', 30, 'MM', 3, 'Optional', 'N', 'N', 'CLS', 'Production Planning & Control'),
(83, 'EGR ISE 370', 'ISE', 25, 'MM', 3, 'Optional', 'N', 'N', 'CLS', 'Manufacturing Processes'),
(84, 'EGR ISE 403', 'ISE', 30, 'MM', 3, 'Optional', 'N', 'N', 'CLS', 'Modeling and Simulation'),
(85, 'EGR ISE 425', 'ISE', 30, 'MM', 4, 'Optional', 'N', 'N', 'CLS', 'Computer Assisted Manufacturing Systems&Lab'),
(86, 'EGR ISE 468', 'ISE', 25, 'MM', 3, 'Optional', 'N', 'N', 'CLS', 'Healthcare Process Improvement'),
(87, 'EGR ISE 480', 'ISE', 150, 'MM', 0, 'Always', 'N', 'N', 'IND', 'Intro to Senior Design'),
(88, 'EGR ISE 482L', 'ISE', 25, 'MM', 1, 'Never', 'N', 'N', 'CLS', 'Industrial Engineering Capstone Lab'),
(89, 'EGR ISE 487', 'ISE', 150, 'MM', 2, 'Optional', 'Y', 'N', 'CLS', 'Engineering Design Exhibit I'),
(90, 'EGR ISE 488', 'ISE', 150, 'MM', 2, 'Optional', 'Y', 'N', 'CLS', 'Engineering Design Exhibit II'),
(91, 'EGR MAE 205', 'MAE', 24, 'MM', 2, 'Optional', 'Y', 'N', 'CLS', 'Visualization and Solid Modeling'),
(92, 'EGR MAE 250L', 'MAE', 15, 'MM', 2, 'Optional', 'Y', 'N', 'CLS', 'Manufacturing Practices'),
(93, 'EGR MAE 301', 'MAE', 25, 'MM', 4, 'Optional', 'N', 'N', 'CLS', 'Experimental Methods for MEC Engineering'),
(94, 'EGR MAE 301L', 'MAE', 12, 'MM', 1, 'Optional', 'Y', 'N', 'CLS', 'Mechanical Engineering Laboratory I'),
(95, 'EGR MAE 322', 'MAE', 25, 'MM', 3, 'Optional', 'N', 'N', 'CLS', 'Machine Design'),
(96, 'EGR MAE 362', 'MAE', 25, 'MM', 3, 'Optional', 'N', 'N', 'CLS', 'Structure/Properties of Material'),
(97, 'EGR MAE 430', 'MAE', 25, 'MM', 3, 'Optional', 'N', 'N', 'CLS', 'Heat Transfer'),
(98, 'EGR MAE 435', 'MAE', 28, 'MM', 3, 'Optional', 'N', 'N', 'CLS', 'Thermal Systems Analysis'),
(99, 'EGR MAE 436', 'MAE', 25, 'MM', 3, 'Optional', 'N', 'N', 'CLS', 'Turbomachinery'),
(100, 'EGR MAE 536', 'MAE', 25, 'MM', 3, 'Optional', 'N', 'N', 'CLS', 'Turbomachinery'),
(101, 'EGR MAE 661', 'MAE', 28, 'MM', 3, 'Optional', 'N', 'N', 'CLS', 'Laminated Composite Materials'),
(102, 'EGR SSE 554', 'ECE', 30, 'DL', 3, 'Never', 'N', 'N', 'DL', 'Object-Oriented Design II'),
(103, 'EGR SSE 635', 'ECE', 30, 'DL', 3, 'Never', 'N', 'N', 'DL', 'Advanced Computational Techniques'),
(104, 'EGR SSE 691', 'ECE', 30, 'DL', 3, 'Never', 'N', 'N', 'DL', 'Special Topics:Cyber Security'),
(105, 'EGR SSE 692', 'ECE', 30, 'DL', 3, 'Never', 'N', 'N', 'DL', 'Special Topics:Parallel Software'),
(106, 'EGR TCO 141', 'TCO', 20, 'MM', 3, 'Optional', 'N', 'N', 'CLS', 'Introduction to Professional Communication'),
(107, 'EGR TCO 285', 'TCO', 20, 'MM', 3, 'Optional', 'Y', 'N', 'CLS', 'Document and Web Desing'),
(108, 'EGR TCO 341', 'TCO', 20, 'MM', 3, 'Optional', 'N', 'N', 'CLS', 'Technical Communication'),
(109, 'EGR TCO 345', 'TCO', 20, 'MM', 3, 'Optional', 'N', 'N', 'CLS', 'Communication in Management'),
(110, 'EGR TCO 361', 'TCO', 20, 'MM', 3, 'Optional', 'Y', 'N', 'CLS', 'Usability'),
(111, 'EGR TCO 376', 'TCO', 25, 'MM', 3, 'Optional', 'N', 'N', 'CLS', 'Visual Commuication'),
(112, 'EGR TCO 480', 'TCO', 30, 'MM', 0, 'Always', 'N', 'N', 'IND', 'Intro Senior Design/Internship'),
(113, 'EGR TCO 499', 'TCO', 5, 'MM', 3, 'Optional', 'N', 'N', 'IND', 'Independent Study - Usability Lab'),
(114, 'EGR TCO 605', 'TCO', 20, 'DL', 3, 'Optional', 'N', 'N', 'DL', 'Usability'),
(115, 'EGR TCO 650', 'TCO', 20, 'DL', 3, 'Optional', 'N', 'N', 'DL', 'History and Theory of Tech Comm');

-- --------------------------------------------------------

--
-- Table structure for table `sched_instructors`
--

DROP TABLE IF EXISTS `sched_instructors`;
CREATE TABLE IF NOT EXISTS `sched_instructors` (
  `InstructorID` int(11) NOT NULL,
  `Dept` varchar(4) CHARACTER SET utf8 COLLATE utf8_unicode_ci NOT NULL,
  `InstructorFullName` varchar(64) CHARACTER SET utf8 COLLATE utf8_unicode_ci NOT NULL,
  PRIMARY KEY (`InstructorID`)
) ENGINE=InnoDB DEFAULT CHARSET=latin1;

--
-- Indexes for table `sched_instructors`
--
ALTER TABLE `sched_instructors`
  ADD PRIMARY KEY (`InstructorID`);
ALTER TABLE `sched_instructors`
  MODIFY `InstructorID` int(11) NOT NULL AUTO_INCREMENT, AUTO_INCREMENT=72;  
  
--
-- Dumping data for table `sched_instructors`
--

INSERT INTO `sched_instructors` (`InstructorID`, `Dept`, `InstructorFullName`) VALUES
(1, 'BME', 'Edward O\'Brien'),
(2, 'BME', 'Ha Vo'),
(3, 'BME', 'Hodge Jenkins'),
(4, 'BME', 'Joanna Thomas'),
(5, 'BME', 'Richard Mines'),
(6, 'BME', 'Sinjae Hyun'),
(7, 'ECE', 'Anthony Choi'),
(8, 'ECE', 'Behnam Kamali'),
(9, 'ECE', 'Donald Ekong'),
(10, 'ECE', 'Edward O\'Brien'),
(11, 'ECE', 'Hodge Jenkins'),
(12, 'ECE', 'Jeng-Nan Juang'),
(13, 'ECE', 'Kevin Barnett'),
(14, 'ECE', 'Makhin Thitsa'),
(15, 'ECE', 'Paul MacNeil'),
(16, 'ECE', 'Philip McCreanor'),
(17, 'ECE', 'Richard Mines'),
(18, 'ECE', 'Ruiyun Fu'),
(19, 'ECE', 'Stephen Hamby'),
(20, 'EGR', 'Anthony Choi'),
(21, 'EGR', 'Andy Digh'),
(22, 'EGR', 'Anthony Choi'),
(23, 'EGR', 'Arash Afshar'),
(24, 'EGR', 'Behnam Kamali'),
(25, 'EGR', 'Cynthia Robertson'),
(26, 'EGR', 'David McClellan'),
(27, 'EGR', 'Edward O\'Brien'),
(28, 'EGR', 'Jeng-Nan Juang'),
(29, 'EGR', 'Joanna Thomas'),
(30, 'EGR', 'Ken Marek'),
(31, 'EGR', 'Kevin Barnett'),
(32, 'EGR', 'Laura Lackey'),
(33, 'EGR', 'Makhin Thitsa'),
(34, 'EGR', 'Melinda Hollingshed'),
(35, 'EGR', 'Pablo Biswas'),
(36, 'EGR', 'Philip McCreanor'),
(37, 'EGR', 'Ramachandran Radharamanan'),
(38, 'EGR', 'Richard Kunz'),
(39, 'EGR', 'Scott Schultz'),
(40, 'EGR', 'Sheila Barnett'),
(41, 'EGR', 'Stephen Hill'),
(42, 'EGR', 'TBA #Staff'),
(43, 'EVE', 'Andre Butler'),
(44, 'EVE', 'Edward O\'Brien'),
(45, 'EVE', 'Hodge Jenkins'),
(46, 'EVE', 'Michael MacCarthy'),
(47, 'EVE', 'Philip McCreanor'),
(48, 'EVE', 'Rich Mines'),
(49, 'EVE', 'Richard Mines'),
(50, 'ISE', 'Edward O\'Brien'),
(51, 'ISE', 'Hodge Jenkins'),
(52, 'ISE', 'Joan Burtner'),
(53, 'ISE', 'Laura Moody'),
(54, 'ISE', 'Pablo Biswas'),
(55, 'ISE', 'Ramachandran Radharamanan'),
(56, 'ISE', 'Richard Mines'),
(57, 'MAE', 'Arash Afshar'),
(58, 'MAE', 'Dorina Mihut'),
(59, 'MAE', 'Edward O\'Brien'),
(60, 'MAE', 'Hodge Jenkins'),
(61, 'MAE', 'Ken Marek'),
(62, 'MAE', 'Loren Sumner'),
(63, 'MAE', 'Richard Kunz'),
(64, 'MAE', 'Stephen Hill'),
(65, 'MAE', 'William Moses'),
(66, 'TCO', 'Helen Grady'),
(67, 'TCO', 'Jennifer Goode'),
(68, 'TCO', 'Lisa Newman'),
(69, 'TCO', 'Pam Brewer'),
(70, 'TCO', 'Robert Watson'),
(71, 'TCO', 'Susan Codone');

-- --------------------------------------------------------

--
-- Table structure for table `sched_reservations`
--

DROP TABLE IF EXISTS `sched_reservations`;
CREATE TABLE IF NOT EXISTS `sched_reservations` (
  `ReservationID` int(11) NOT NULL,
  `RoomName` varchar(16) CHARACTER SET utf8 COLLATE utf8_unicode_ci DEFAULT NULL,
  `StartTimeString` varchar(8) CHARACTER SET utf8 COLLATE utf8_unicode_ci DEFAULT NULL,
  `EndTimeString` varchar(8) CHARACTER SET utf8 COLLATE utf8_unicode_ci DEFAULT NULL,
  `StartTimeValue` double DEFAULT NULL,
  `EndTimeValue` double DEFAULT NULL,
  `MeetingDateCode` varchar(8) CHARACTER SET utf8 COLLATE utf8_unicode_ci DEFAULT NULL,
  `Monday` varchar(1) CHARACTER SET utf8 COLLATE utf8_unicode_ci DEFAULT NULL,
  `Tuesday` varchar(1) CHARACTER SET utf8 COLLATE utf8_unicode_ci DEFAULT NULL,
  `Wednesday` varchar(1) CHARACTER SET utf8 COLLATE utf8_unicode_ci DEFAULT NULL,
  `Thursday` varchar(1) CHARACTER SET utf8 COLLATE utf8_unicode_ci DEFAULT NULL,
  `Friday` varchar(1) CHARACTER SET utf8 COLLATE utf8_unicode_ci DEFAULT NULL,
  PRIMARY KEY (`ReservationID`)
) ENGINE=InnoDB DEFAULT CHARSET=latin1;

--
-- Indexes for table `sched_reservations`
--
ALTER TABLE `sched_reservations`
  ADD PRIMARY KEY (`ReservationID`);
ALTER TABLE `sched_reservations`
  MODIFY `ReservationID` int(11) NOT NULL AUTO_INCREMENT, AUTO_INCREMENT=1155;

--
-- Dumping data for table `sched_reservations`
--

INSERT INTO `sched_reservations` (`ReservationID`, `RoomName`, `StartTimeString`, `EndTimeString`, `StartTimeValue`, `EndTimeValue`, `MeetingDateCode`, `Monday`, `Tuesday`, `Wednesday`, `Thursday`, `Friday`) VALUES
(1001, 'EGC 109', '10:50 AM', '12:05 PM', 10.833333, 12.083333, 'TR', NULL, 'T', NULL, 'R', NULL),
(1002, 'EGC 109', '2:00 PM', '2:50 PM', 14, 14.833333, 'MWF', 'M', NULL, 'W', NULL, 'F'),
(1003, 'EGC 109', '10:50 AM', '12:05 PM', 10.833333, 12.083333, 'TR', NULL, 'T', NULL, 'R', NULL),
(1004, 'EGC 203', '9:25 AM', '10:40 AM', 9.416667, 10.666667, 'TR', NULL, 'T', NULL, 'R', NULL),
(1005, NULL, NULL, NULL, NULL, NULL, 'ARR', NULL, NULL, NULL, NULL, NULL),
(1006, 'SEB 143', '3:05 PM', '5:45 PM', 15.083333, 17.75, 'TR', NULL, 'T', NULL, 'R', NULL),
(1007, 'SEB 110', '3:05 PM', '5:45 PM', 15.083333, 17.75, 'TR', NULL, 'T', NULL, 'R', NULL),
(1008, 'EGC 217', '12:00 PM', '12:50 PM', 12, 12.833333, 'MWF', 'M', NULL, 'W', NULL, 'F'),
(1009, NULL, NULL, NULL, NULL, NULL, 'TBA', NULL, NULL, NULL, NULL, NULL),
(1010, 'EGC 203', '9:25 AM', '10:40 AM', 9.416667, 10.666667, 'TR', NULL, 'T', NULL, 'R', NULL),
(1011, 'EGC 225A', '4:30 PM', '5:45 PM', 16.5, 17.75, 'MW', 'M', NULL, 'W', NULL, NULL),
(1012, 'EGC 218', '11:00 AM', '11:50 AM', 11, 11.833333, 'MWF', 'M', NULL, 'W', NULL, 'F'),
(1013, 'EGC 207', '9:25 AM', '10:40 AM', 9.416667, 10.666667, 'TR', NULL, 'T', NULL, 'R', NULL),
(1014, 'EGC 211', '2:00 PM', '4:45 PM', 14, 16.75, 'M', 'M', NULL, NULL, NULL, NULL),
(1015, 'EGC 203', '3:00 PM', '3:50 PM', 15, 15.833333, 'MW', 'M', NULL, 'W', NULL, NULL),
(1016, 'EGC 217', '11:00 AM', '11:50 AM', 11, 11.833333, 'MWF', 'M', NULL, 'W', NULL, 'F'),
(1017, 'EGC 209', '9:00 AM', '9:50 AM', 9, 9.833333, 'MWF', 'M', NULL, 'W', NULL, 'F'),
(1018, 'EGC 210', '1:40 PM', '2:55 PM', 13.666667, 14.916667, 'TR', NULL, 'T', NULL, 'R', NULL),
(1019, 'SEB 144', '6:00 PM', '9:00 PM', 18, 21, 'R', NULL, NULL, NULL, 'R', NULL),
(1020, 'EGC 217', '12:15 PM', '1:30 PM', 12.25, 13.5, 'TR', NULL, 'T', NULL, 'R', NULL),
(1021, 'EGC 225B', '6:00 PM', '9:00 PM', 18, 21, 'M', 'M', NULL, NULL, NULL, NULL),
(1022, 'EGC 218', '12:00 PM', '12:50 PM', 12, 12.833333, 'MWF', 'M', NULL, 'W', NULL, 'F'),
(1023, 'EGC 220', '1:00 PM', '1:50 PM', 13, 13.833333, 'MWF', 'M', NULL, 'W', NULL, 'F'),
(1024, 'EGC 209', '9:00 AM', '9:50 AM', 9, 9.833333, 'MWF', 'M', NULL, 'W', NULL, 'F'),
(1025, NULL, NULL, NULL, NULL, NULL, 'ARR', NULL, NULL, NULL, NULL, NULL),
(1026, NULL, NULL, NULL, NULL, NULL, 'ARR', NULL, NULL, NULL, NULL, NULL),
(1027, 'SEB 143', '3:05 PM', '5:45 PM', 15.083333, 17.75, 'TR', NULL, 'T', NULL, 'R', NULL),
(1028, 'SEB 110', '3:05 PM', '5:45 PM', 15.083333, 17.75, 'TR', NULL, 'T', NULL, 'R', NULL),
(1029, 'SEB 143', '3:05 PM', '5:45 PM', 15.083333, 17.75, 'TR', NULL, 'T', NULL, 'R', NULL),
(1030, 'SEB 110', '3:05 PM', '5:45 PM', 15.083333, 17.75, 'TR', NULL, 'T', NULL, 'R', NULL),
(1031, 'EGC 209', '9:00 AM', '9:50 AM', 9, 9.833333, 'MWF', 'M', NULL, 'W', NULL, 'F'),
(1032, 'EGC 210', '1:40 PM', '2:55 PM', 13.666667, 14.916667, 'TR', NULL, 'T', NULL, 'R', NULL),
(1033, 'SEB 144', '6:00 PM', '9:00 PM', 18, 21, 'R', NULL, NULL, NULL, 'R', NULL),
(1034, 'EGC 217', '12:15 PM', '1:30 PM', 12.25, 13.5, 'TR', NULL, 'T', NULL, 'R', NULL),
(1035, 'EGC 225B', '6:00 PM', '9:00 PM', 18, 21, 'M', 'M', NULL, NULL, NULL, NULL),
(1036, 'EGC 218', '12:00 PM', '12:50 PM', 12, 12.833333, 'MWF', 'M', NULL, 'W', NULL, 'F'),
(1037, 'EGC 220', '1:00 PM', '1:50 PM', 13, 13.833333, 'MWF', 'M', NULL, 'W', NULL, 'F'),
(1038, 'EGC 209', '9:00 AM', '9:50 AM', 9, 9.833333, 'MWF', 'M', NULL, 'W', NULL, 'F'),
(1039, 'EGC 217', '6:00 PM', '9:00 PM', 18, 21, 'T', NULL, 'T', NULL, NULL, NULL),
(1040, 'EGC 207', '6:00 PM', '9:00 PM', 18, 21, 'W', NULL, NULL, 'W', NULL, NULL),
(1041, 'EGC 218', '6:00 PM', '9:00 PM', 18, 21, 'M', 'M', NULL, NULL, NULL, NULL),
(1042, 'EGC 220', '6:00 PM', '9:00 PM', 18, 21, 'R', NULL, NULL, NULL, 'R', NULL),
(1043, NULL, NULL, NULL, NULL, NULL, 'ARR', NULL, NULL, NULL, NULL, NULL),
(1044, 'SEB 110', '3:00 PM', '4:15 PM', 15, 16.25, 'M', 'M', NULL, NULL, NULL, NULL),
(1045, 'SEB 110', '3:00 PM', '4:15 PM', 15, 16.25, 'M', 'M', NULL, NULL, NULL, NULL),
(1046, 'SEB 110', '3:00 PM', '4:15 PM', 15, 16.25, 'M', 'M', NULL, NULL, NULL, NULL),
(1047, 'SEB 110', '3:00 PM', '4:15 PM', 15, 16.25, 'M', 'M', NULL, NULL, NULL, NULL),
(1048, 'CSB 100', '10:50 AM', '12:05 PM', 10.833333, 12.083333, 'TR', NULL, 'T', NULL, 'R', NULL),
(1049, 'CSB 100', '3:05 PM', '4:20 PM', 15.083333, 16.333333, 'TR', NULL, 'T', NULL, 'R', NULL),
(1050, 'EGC 210', '3:05 PM', '4:20 PM', 15.083333, 16.333333, 'T', NULL, 'T', NULL, NULL, NULL),
(1051, 'EGC 210', '3:05 PM', '4:20 PM', 15.083333, 16.333333, 'T', NULL, 'T', NULL, NULL, NULL),
(1052, NULL, NULL, NULL, NULL, NULL, 'ARR', NULL, NULL, NULL, NULL, NULL),
(1053, 'EGC 207', '11:00 AM', '11:50 AM', 11, 11.833333, 'MWF', 'M', NULL, 'W', NULL, 'F'),
(1054, 'EGC 209', '10:50 AM', '12:05 PM', 10.833333, 12.083333, 'TR', NULL, 'T', NULL, 'R', NULL),
(1055, 'EGC 218', '9:25 AM', '10:40 AM', 9.416667, 10.666667, 'TR', NULL, 'T', NULL, 'R', NULL),
(1056, 'EGC 209', '1:40 PM', '2:55 PM', 13.666667, 14.916667, 'TR', NULL, 'T', NULL, 'R', NULL),
(1057, 'EGC 220', '11:00 AM', '11:50 AM', 11, 11.833333, 'MWF', 'M', NULL, 'W', NULL, 'F'),
(1058, 'EGC 218', '9:00 AM', '9:50 AM', 9, 9.833333, 'MWF', 'M', NULL, 'W', NULL, 'F'),
(1059, 'EGC 220', '9:00 AM', '9:50 AM', 9, 9.833333, 'MWF', 'M', NULL, 'W', NULL, 'F'),
(1060, 'EGC 218', '1:00 PM', '1:50 PM', 13, 13.833333, 'MWF', 'M', NULL, 'W', NULL, 'F'),
(1061, 'EGC 207', '2:00 PM', '2:50 PM', 14, 14.833333, 'MWF', 'M', NULL, 'W', NULL, 'F'),
(1062, 'SEB 110', '1:00 PM', '1:50 PM', 13, 13.833333, 'MWF', 'M', NULL, 'W', NULL, 'F'),
(1063, 'EGC 203', '2:00 PM', '2:50 PM', 14, 14.833333, 'MWF', 'M', NULL, 'W', NULL, 'F'),
(1064, 'EGC 211', '3:00 PM', '5:45 PM', 15, 17.75, 'W', NULL, NULL, 'W', NULL, NULL),
(1065, 'EGC 211', '6:00 PM', '9:00 PM', 18, 21, 'W', NULL, NULL, 'W', NULL, NULL),
(1066, 'EGC 211', '6:00 PM', '9:00 PM', 18, 21, 'T', NULL, 'T', NULL, NULL, NULL),
(1067, 'EGC 211', '6:00 PM', '9:00 PM', 18, 21, 'R', NULL, NULL, NULL, 'R', NULL),
(1068, 'EGC 211', '6:00 PM', '9:00 PM', 18, 21, 'M', 'M', NULL, NULL, NULL, NULL),
(1069, 'EGC 211', '3:00 PM', '5:45 PM', 15, 17.75, 'T', NULL, 'T', NULL, NULL, NULL),
(1070, 'EGC 216A', '3:00 PM', '4:15 PM', 15, 16.25, 'MW', 'M', NULL, 'W', NULL, NULL),
(1071, 'EGC 216B', '1:40 PM', '2:55 PM', 13.666667, 14.916667, 'TR', NULL, 'T', NULL, 'R', NULL),
(1072, 'EGC 216B', '10:50 AM', '12:05 PM', 10.833333, 12.083333, 'TR', NULL, 'T', NULL, 'R', NULL),
(1073, NULL, NULL, NULL, NULL, NULL, 'ARR', NULL, NULL, NULL, NULL, NULL),
(1074, 'EGC 216A', '1:40 PM', '2:55 PM', 13.666667, 14.916667, 'TR', NULL, 'T', NULL, 'R', NULL),
(1075, 'EGC 216B', '4:30 PM', '5:45 PM', 16.5, 17.75, 'TR', NULL, 'T', NULL, 'R', NULL),
(1076, 'EGC 216B', '10:50 AM', '12:05 PM', 10.833333, 12.083333, 'TR', NULL, 'T', NULL, 'R', NULL),
(1077, 'EGC 210', '1:00 PM', '1:50 PM', 13, 13.833333, 'MWF', 'M', NULL, 'W', NULL, 'F'),
(1078, 'SEB 110', '8:00 AM', '8:50 AM', 8, 8.833333, 'MWF', 'M', NULL, 'W', NULL, 'F'),
(1079, NULL, NULL, NULL, NULL, NULL, 'ARR', NULL, NULL, NULL, NULL, NULL),
(1080, NULL, NULL, NULL, NULL, NULL, 'ARR', NULL, NULL, NULL, NULL, NULL),
(1081, 'EGC 216B', '12:15 PM', '1:30 PM', 12.25, 13.5, 'TR', NULL, 'T', NULL, 'R', NULL),
(1082, 'SEB 143', '4:30 PM', '7:30 PM', 16.5, 19.5, 'W', NULL, NULL, 'W', NULL, NULL),
(1083, 'EGC 216B', '3:00 PM', '4:15 PM', 15, 16.25, 'MW', 'M', NULL, 'W', NULL, NULL),
(1084, 'SEB 143', '6:00 PM', '9:00 PM', 18, 21, 'T', NULL, 'T', NULL, NULL, NULL),
(1085, 'SEB 143', '10:50 AM', '12:05 PM', 10.833333, 12.083333, 'TR', NULL, 'T', NULL, 'R', NULL),
(1086, 'EGC 104A', '3:00 PM', '5:45 PM', 15, 17.75, 'M', 'M', NULL, NULL, NULL, NULL),
(1087, 'EGC 110', '1:40 PM', '2:55 PM', 13.666667, 14.916667, 'TR', NULL, 'T', NULL, 'R', NULL),
(1088, 'EGC 216B', '9:25 AM', '10:40 AM', 9.416667, 10.666667, 'TR', NULL, 'T', NULL, 'R', NULL),
(1089, 'EGC 110', '6:00 PM', '7:15 PM', 18, 19.25, 'TR', NULL, 'T', NULL, 'R', NULL),
(1090, 'SEB 201', '12:15 PM', '1:30 PM', 12.25, 13.5, 'TR', NULL, 'T', NULL, 'R', NULL),
(1091, NULL, NULL, NULL, NULL, NULL, 'ARR', NULL, NULL, NULL, NULL, NULL),
(1092, 'SEB 143', '3:05 PM', '5:45 PM', 15.083333, 17.75, 'TR', NULL, 'T', NULL, 'R', NULL),
(1093, 'SEB 110', '3:05 PM', '5:45 PM', 15.083333, 17.75, 'TR', NULL, 'T', NULL, 'R', NULL),
(1094, 'EGC 216B', '9:25 AM', '10:40 AM', 9.416667, 10.666667, 'TR', NULL, 'T', NULL, 'R', NULL),
(1095, 'EGC 110', '6:00 PM', '7:15 PM', 18, 19.25, 'TR', NULL, 'T', NULL, 'R', NULL),
(1096, 'EGC 109', '5:15 PM', '8:15 PM', 17.25, 20.25, 'W', NULL, NULL, 'W', NULL, NULL),
(1097, 'EGC 204A', '5:00 PM', '7:40 PM', 17, 19.666667, 'M', 'M', NULL, NULL, NULL, NULL),
(1098, 'EGC 204A', '10:50 AM', '12:05 PM', 10.833333, 12.083333, 'TR', NULL, 'T', NULL, 'R', NULL),
(1099, 'SEB 143', '3:05 PM', '5:45 PM', 15.083333, 17.75, 'TR', NULL, 'T', NULL, 'R', NULL),
(1100, 'SEB 110', '3:05 PM', '5:45 PM', 15.083333, 17.75, 'TR', NULL, 'T', NULL, 'R', NULL),
(1101, 'EGC 204A', '5:00 PM', '7:40 PM', 17, 19.666667, 'M', 'M', NULL, NULL, NULL, NULL),
(1102, 'SEB 201', '1:00 PM', '1:50 PM', 13, 13.833333, 'MWF', 'M', NULL, 'W', NULL, 'F'),
(1103, 'EGC 225B', '11:00 AM', '11:50 AM', 11, 11.833333, 'MWF', 'M', NULL, 'W', NULL, 'F'),
(1104, 'EGC 217', '1:40 PM', '2:55 PM', 13.666667, 14.916667, 'TR', NULL, 'T', NULL, 'R', NULL),
(1105, 'EGC 216B', '12:15 PM', '1:30 PM', 12.25, 13.5, 'TR', NULL, 'T', NULL, 'R', NULL),
(1106, 'EGC125', '9:25 AM', '12:05 PM', 9.416667, 12.083333, 'R', NULL, NULL, NULL, 'R', NULL),
(1107, 'SEB 143', '4:30 PM', '7:30 PM', 16.5, 19.5, 'W', NULL, NULL, 'W', NULL, NULL),
(1108, 'EGC 216B', '3:00 PM', '4:15 PM', 15, 16.25, 'MW', 'M', NULL, 'W', NULL, NULL),
(1109, 'EGC 215', '10:50 AM', '12:05 PM', 10.833333, 12.083333, 'TR', NULL, 'T', NULL, 'R', NULL),
(1110, 'EGC 215', '1:40 PM', '2:55 PM', 13.666667, 14.916667, 'TR', NULL, 'T', NULL, 'R', NULL),
(1111, 'SEB 143', '3:05 PM', '5:45 PM', 15.083333, 17.75, 'TR', NULL, 'T', NULL, 'R', NULL),
(1112, 'SEB 110', '3:05 PM', '5:45 PM', 15.083333, 17.75, 'TR', NULL, 'T', NULL, 'R', NULL),
(1113, 'EGC 216A', '4:30 PM', '5:45 PM', 16.5, 17.75, 'MW', 'M', NULL, 'W', NULL, NULL),
(1114, 'EGC 216B', '3:05 PM', '4:20 PM', 15.083333, 16.333333, 'TR', NULL, 'T', NULL, 'R', NULL),
(1115, 'EGC 119', '2:00 PM', '4:45 PM', 14, 16.75, 'TR', NULL, 'T', NULL, 'R', NULL),
(1116, 'EGC 119', '2:00 PM', '4:45 PM', 14, 16.75, 'MW', 'M', NULL, 'W', NULL, NULL),
(1117, 'EGC 220', '2:00 PM', '2:50 PM', 14, 14.833333, 'MWF', 'M', NULL, 'W', NULL, 'F'),
(1118, 'EGC 217', '9:00 AM', '9:50 AM', 9, 9.833333, 'MWF', 'M', NULL, 'W', NULL, 'F'),
(1119, 'EGC 123', '3:00 PM', '5:45 PM', 15, 17.75, 'M', 'M', NULL, NULL, NULL, NULL),
(1120, 'EGC 123', '3:00 PM', '5:45 PM', 15, 17.75, 'T', NULL, 'T', NULL, NULL, NULL),
(1121, 'EGC 123', '3:00 PM', '5:45 PM', 15, 17.75, 'W', NULL, NULL, 'W', NULL, NULL),
(1122, 'EGC 123', '3:00 PM', '5:45 PM', 15, 17.75, 'R', NULL, NULL, NULL, 'R', NULL),
(1123, 'EGC 218', '11:00 AM', '11:50 AM', 11, 11.833333, 'MWF', 'M', NULL, 'W', NULL, 'F'),
(1124, 'SEB 144', '2:00 PM', '2:50 PM', 14, 14.833333, 'MWF', 'M', NULL, 'W', NULL, 'F'),
(1125, 'SEB 143', '9:25 AM', '10:40 AM', 9.416667, 10.666667, 'TR', NULL, 'T', NULL, 'R', NULL),
(1126, 'SEB 201', '2:00 PM', '2:50 PM', 14, 14.833333, 'MWF', 'M', NULL, 'W', NULL, 'F'),
(1127, 'EGC 218', '2:00 PM', '2:50 PM', 14, 14.833333, 'MWF', 'M', NULL, 'W', NULL, 'F'),
(1128, 'EGC 220', '9:25 AM', '10:40 AM', 9.416667, 10.666667, 'TR', NULL, 'T', NULL, 'R', NULL),
(1129, 'EGR 217', '2:00 PM', '2:50 PM', 14, 14.833333, 'MWF', 'M', NULL, 'W', NULL, 'F'),
(1130, 'SEB 144', '10:50 AM', '12:05 PM', 10.833333, 12.083333, 'TR', NULL, 'T', NULL, 'R', NULL),
(1131, 'SEB 144', '10:50 AM', '12:05 PM', 10.833333, 12.083333, 'TR', NULL, 'T', NULL, 'R', NULL),
(1132, 'SEB 201', '6:00 PM', '7:15 PM', 18, 19.25, 'TR', NULL, 'T', NULL, 'R', NULL),
(1133, NULL, NULL, NULL, NULL, NULL, 'ARR', NULL, NULL, NULL, NULL, NULL),
(1134, NULL, NULL, NULL, NULL, NULL, 'ARR', NULL, NULL, NULL, NULL, NULL),
(1135, NULL, NULL, NULL, NULL, NULL, 'ARR', NULL, NULL, NULL, NULL, NULL),
(1136, NULL, NULL, NULL, NULL, NULL, 'ARR', NULL, NULL, NULL, NULL, NULL),
(1137, 'SEB 201', '9:25 AM', '10:40 AM', 9.416667, 10.666667, 'TR', NULL, 'T', NULL, 'R', NULL),
(1138, 'SEB 201', '10:50 AM', '12:05 PM', 10.833333, 12.083333, 'TR', NULL, 'T', NULL, 'R', NULL),
(1139, 'SEB 201', '1:40 PM', '2:55 PM', 13.666667, 14.916667, 'TR', NULL, 'T', NULL, 'R', NULL),
(1140, 'SEB 201', '3:05 PM', '4:20 PM', 15.083333, 16.333333, 'TR', NULL, 'T', NULL, 'R', NULL),
(1141, 'SEB 201', '3:00 PM', '4:15 PM', 15, 16.25, 'MW', 'M', NULL, 'W', NULL, NULL),
(1142, 'ECG 216A', '9:25 AM', '10:40 AM', 9.416667, 10.666667, 'TR', NULL, 'T', NULL, 'R', NULL),
(1143, 'SEB 201', '8:00 AM', '9:15 AM', 8, 9.25, 'TR', NULL, 'T', NULL, 'R', NULL),
(1144, 'SEB 202', '9:25 AM', '10:40 AM', 9.416667, 10.666667, 'TR', NULL, 'T', NULL, 'R', NULL),
(1145, 'SEB 202', '1:40 PM', '2:55 PM', 13.666667, 14.916667, 'TR', NULL, 'T', NULL, 'R', NULL),
(1146, 'SEB 202', '3:00 PM', '4:15 PM', 15, 16.25, 'MW', 'M', NULL, 'W', NULL, NULL),
(1147, 'SEB 143 or 144', '1:40 PM', '2:55 PM', 13.666667, 14.916667, 'TR', NULL, 'T', NULL, 'R', NULL),
(1148, 'SEB 202', '3:00 PM', '4:15 PM', 15, 16.25, 'MW', 'M', NULL, 'W', NULL, NULL),
(1149, 'ECG 216A', '10:50 AM', '12:05 PM', 10.833333, 12.083333, 'TR', NULL, 'T', NULL, 'R', NULL),
(1150, NULL, NULL, NULL, NULL, NULL, 'ARR', NULL, NULL, NULL, NULL, NULL),
(1151, NULL, NULL, NULL, NULL, NULL, 'ARR', NULL, NULL, NULL, NULL, NULL),
(1152, NULL, NULL, NULL, NULL, NULL, 'ARR', NULL, NULL, NULL, NULL, NULL),
(1153, 'ONL', '8:00 PM', '9:30 PM', 20, 21.5, 'M', 'M', NULL, NULL, NULL, NULL),
(1154, 'ONL', '8:00 PM', '9:30 PM', 20, 21.5, 'R', NULL, NULL, NULL, 'R', NULL);

-- --------------------------------------------------------

--
-- Table structure for table `sched_sessions`
--

DROP TABLE IF EXISTS `sched_sessions`;
CREATE TABLE IF NOT EXISTS `sched_sessions` (
  `SessionID` int(11) NOT NULL,
  `CourseID` int(11) NOT NULL,
  `Section` varchar(4) CHARACTER SET utf8 COLLATE utf8_unicode_ci NOT NULL,
  `ReservationID` int(11) NOT NULL,
  `InstructorID` int(11) NOT NULL,
  `Term` varchar(16) CHARACTER SET utf8 COLLATE utf8_unicode_ci DEFAULT NULL,
  `Dept` varchar(8) CHARACTER SET utf8 COLLATE utf8_unicode_ci DEFAULT NULL,
  `Fee` varchar(4) CHARACTER SET utf8 COLLATE utf8_unicode_ci DEFAULT NULL,
  `ServiceLearning` varchar(4) CHARACTER SET utf8 COLLATE utf8_unicode_ci DEFAULT NULL,
  `DeliveryMethod` varchar(16) CHARACTER SET utf8 COLLATE utf8_unicode_ci DEFAULT NULL,
  `SecondaryInstructorNames` varchar(127) CHARACTER SET utf8 COLLATE utf8_unicode_ci DEFAULT NULL,
  `MaxStudents` int(11) DEFAULT NULL,
  `Site` varchar(16) CHARACTER SET utf8 COLLATE utf8_unicode_ci DEFAULT NULL,
  `Credits` int(11) DEFAULT NULL,
  `SatUnsatAllowed` varchar(16) CHARACTER SET utf8 COLLATE utf8_unicode_ci DEFAULT NULL,
  `InClassFinal` varchar(16) CHARACTER SET utf8 COLLATE utf8_unicode_ci DEFAULT NULL,
  `AlwaysMeetsWithCourseSection` varchar(255) CHARACTER SET utf8 COLLATE utf8_unicode_ci DEFAULT NULL,
  `SometimesMeetsWithCourseSection` varchar(255) CHARACTER SET utf8 COLLATE utf8_unicode_ci DEFAULT NULL,
  PRIMARY KEY (`SessionID`)
) ENGINE=InnoDB DEFAULT CHARSET=latin1;

--
-- Indexes for table `sched_sessions`
--
ALTER TABLE `sched_sessions`
  ADD PRIMARY KEY (`SessionID`);
ALTER TABLE `sched_sessions`
  MODIFY `SessionID` int(11) NOT NULL AUTO_INCREMENT, AUTO_INCREMENT=155;  
  
--
-- Dumping data for table `sched_sessions`
--

INSERT INTO `sched_sessions` (`SessionID`, `CourseID`, `Section`, `ReservationID`, `InstructorID`, `Term`, `Dept`, `Fee`, `ServiceLearning`, `DeliveryMethod`, `SecondaryInstructorNames`, `MaxStudents`, `Site`, `Credits`, `SatUnsatAllowed`, `InClassFinal`, `AlwaysMeetsWithCourseSection`, `SometimesMeetsWithCourseSection`) VALUES
(1, 2, '001', 1001, 1, '2017-Spring', 'BME', 'Y', 'N', 'CLS', NULL, 30, 'MM', 3, 'Never', 'N', NULL, NULL),
(2, 3, '001', 1002, 6, '2017-Spring', 'BME', 'Y', 'N', 'CLS', NULL, 25, 'MM', 3, 'Never', 'N', NULL, NULL),
(3, 4, '001', 1003, 6, '2017-Spring', 'BME', 'N', 'N', 'CLS', NULL, 25, 'MM', 3, 'Never', 'N', NULL, NULL),
(4, 5, '001', 1004, 2, '2017-Spring', 'BME', 'N', 'N', 'CLS', NULL, 30, 'MM', 3, 'Never', 'N', NULL, 'EGR BME 591.001'),
(5, 6, '001', 1005, 1, '2017-Spring', 'BME', 'N', 'N', 'IND', 'Pablo Biswas', 30, 'MM', 0, 'Always', 'N', 'EGR ECE 480.001, EGR ECE 481.001, EGR EVE 480.001, EGR IDM 480.001, EGR ISE 480.001, EGR MAE 480.001', NULL),
(6, 7, '001', 1006, 5, '2017-Spring', 'BME', 'Y', 'N', 'CLS', NULL, 100, 'MM', 2, 'Never', 'N', 'EGR ECE 485.001, EGR ECE 487.001, EGR EVE 487.001, EGR IDM 487.001, EGR ISE 487.001, EGR MAE 487.001', NULL),
(7, 8, '001', 1007, 3, '2017-Spring', 'BME', 'Y', 'N', 'CLS', 'Scott Schultz', 150, 'MM', 2, 'Never', 'N', 'EGR ECE 486.001, EGR ECE 488.001, EGR EVE 488.001, EGR IDM 488.001, EGR ISE 488.001, EGR MAE 488.001', NULL),
(8, 9, '001', 1008, 4, '2017-Spring', 'BME', 'N', 'N', 'CLS', NULL, 30, 'MM', 3, 'Never', 'N', NULL, NULL),
(9, 10, '001', 1009, 6, '2017-Spring', 'BME', 'N', 'N', 'CLS', NULL, 30, 'MM', 1, 'Never', 'N', NULL, NULL),
(10, 11, '001', 1010, 2, '2017-Spring', 'BME', 'N', 'N', 'CLS', NULL, 30, 'MM', 3, 'Never', 'N', NULL, 'EGR BME 460.001'),
(11, 12, '001', 1011, 2, '2017-Spring', 'BME', 'N', 'N', 'CLS', NULL, 30, 'MM', 3, 'Never', 'N', NULL, NULL),
(12, 13, '001', 1012, 13, '2017-Spring', 'ECE', 'N', 'N', 'CLS', NULL, 30, 'MM', 3, 'Optional', 'N', NULL, NULL),
(13, 14, '001', 1013, 18, '2017-Spring', 'ECE', 'N', 'N', 'CLS', NULL, 30, 'MM', 2, 'Optional', 'N', NULL, NULL),
(14, 14, '001', 1014, 18, '2017-Spring', 'ECE', 'Y', 'N', 'CLS', NULL, 16, 'MM', 1, 'Optional', 'N', NULL, NULL),
(15, 16, '001', 1015, 9, '2017-Spring', 'ECE', 'N', 'N', 'CLS', NULL, 30, 'MM', 2, 'Optional', 'N', NULL, NULL),
(16, 17, '001', 1016, 12, '2017-Spring', 'ECE', 'N', 'N', 'CLS', NULL, 30, 'MM', 3, 'Optional', 'N', NULL, NULL),
(17, 18, '001', 1017, 18, '2017-Spring', 'ECE', 'N', 'N', 'CLS', NULL, 30, 'MM', 3, 'Optional', 'N', 'EGR ECE 511.001', NULL),
(18, 19, '001', 1018, 7, '2017-Spring', 'ECE', 'N', 'N', 'CLS', NULL, 30, 'MM', 3, 'Optional', 'N', 'EGR ECE 528.001', NULL),
(19, 20, '001', 1019, 9, '2017-Spring', 'ECE', 'N', 'N', 'CLS', NULL, 25, 'MM', 3, 'Optional', 'N', 'EGR ECE 529.001', NULL),
(20, 21, '001', 1020, 13, '2017-Spring', 'ECE', 'N', 'N', 'CLS', NULL, 30, 'MM', 3, 'Optional', 'N', 'EGR ECE 532.001', NULL),
(21, 22, '002', 1021, 12, '2017-Spring', 'ECE', 'N', 'N', 'CLS', NULL, 50, 'MM', 3, 'Optional', 'N', 'EGR ECE 591.002', NULL),
(22, 23, '001', 1022, 8, '2017-Spring', 'ECE', 'N', 'N', 'CLS', NULL, 30, 'MM', 3, 'Optional', 'N', 'EGR ECE 552.001', NULL),
(23, 24, '001', 1023, 9, '2017-Spring', 'ECE', 'N', 'N', 'CLS', NULL, 30, 'MM', 3, 'Optional', 'N', 'EGR ECE 555.001', NULL),
(24, 25, '001', 1024, 18, '2017-Spring', 'ECE', 'N', 'N', 'CLS', NULL, 25, 'MM', 3, 'Optional', 'N', 'EGR ECE 571.001', NULL),
(25, 26, '001', 1025, 1, '2017-Spring', 'ECE', 'N', 'N', 'IND', 'Pablo Biswas', 100, 'MM', 0, 'Always', 'N', 'EGR BME 480.001, EGR ECE 481.001, EGR EVE 480.001, EGR IDM 480.001, EGR ISE 480.001, EGR MAE 480.001', NULL),
(26, 27, '001', 1026, 1, '2017-Spring', 'ECE', 'N', 'N', 'IND', NULL, 100, 'MM', 0, 'Always', 'N', 'EGR BME 480.001, EGR ECE 480.001, EGR EVE 480.001, EGR IDM 480.001, EGR ISE 480.001, EGR MAE 480.001', NULL),
(27, 28, '001', 1027, 5, '2017-Spring', 'ECE', 'Y', 'N', 'CLS', NULL, 100, 'MM', 2, 'Optional', 'N', 'EGR BME 487.001, EGR ECE 487.001, EGR EVE 487.001, EGR IDM 487.001, EGR ISE 487.001, EGR MAE 487.001', NULL),
(28, 29, '001', 1028, 3, '2017-Spring', 'ECE', 'Y', 'N', 'CLS', 'Scott Schultz', 150, 'MM', 2, 'Optional', 'N', 'EGR BME 488.001, EGR ECE 488.001, EGR EVE 488.001, EGR IDM 488.001, EGR ISE 488.001, EGR MAE 488.001', NULL),
(29, 30, '001', 1029, 5, '2017-Spring', 'ECE', 'Y', 'N', 'CLS', NULL, 100, 'MM', 2, 'Optional', 'N', 'EGR BME 487.001, EGR ECE 485.001, EGR EVE 487.001, EGR IDM 487.001, EGR ISE 487.001, EGR MAE 487.001', NULL),
(30, 31, '001', 1030, 3, '2017-Spring', 'ECE', 'Y', 'N', 'CLS', 'Scott Schultz', 150, 'MM', 2, 'Optional', 'N', 'EGR BME 488.001, EGR ECE 486.001, EGR EVE 488.001, EGR IDM 488.001, EGR ISE 488.001, EGR MAE 488.001', NULL),
(31, 32, '001', 1031, 18, '2017-Spring', 'ECE', 'N', 'N', 'CLS', NULL, 30, 'MM', 3, 'Optional', 'N', 'EGR ECE 411.001', NULL),
(32, 33, '001', 1032, 7, '2017-Spring', 'ECE', 'N', 'N', 'CLS', NULL, 30, 'MM', 3, 'Optional', 'N', 'EGR ECE 428.001', NULL),
(33, 34, '001', 1033, 9, '2017-Spring', 'ECE', 'N', 'N', 'CLS', NULL, 25, 'MM', 3, 'Optional', 'N', 'EGR ECE 429.001', NULL),
(34, 35, '001', 1034, 13, '2017-Spring', 'ECE', 'N', 'N', 'CLS', NULL, 30, 'MM', 3, 'Optional', 'N', 'EGR ECE 432.001', NULL),
(35, 36, '002', 1035, 12, '2017-Spring', 'ECE', 'N', 'N', 'CLS', NULL, 50, 'MM', 3, 'Optional', 'N', 'EGR ECE 491.002', NULL),
(36, 37, '001', 1036, 8, '2017-Spring', 'ECE', 'N', 'N', 'CLS', NULL, 30, 'MM', 3, 'Optional', 'N', 'EGR ECE 452.001', NULL),
(37, 38, '001', 1037, 9, '2017-Spring', 'ECE', 'N', 'N', 'CLS', NULL, 30, 'MM', 3, 'Optional', 'N', 'EGR ECE 455.001', NULL),
(38, 39, '001', 1038, 18, '2017-Spring', 'ECE', 'N', 'N', 'CLS', NULL, 25, 'MM', 3, 'Optional', 'N', 'EGR ECE 471.001', NULL),
(39, 40, '001', 1039, 7, '2017-Spring', 'ECE', 'N', 'N', 'CLS', NULL, 30, 'MM', 3, 'Optional', 'N', NULL, NULL),
(40, 41, '001', 1040, 12, '2017-Spring', 'ECE', 'N', 'N', 'CLS', NULL, 30, 'MM', 3, 'Optional', 'N', NULL, NULL),
(41, 42, '001', 1041, 8, '2017-Spring', 'ECE', 'N', 'N', 'CLS', NULL, 4, 'MM', 3, 'Optional', 'N', NULL, NULL),
(42, 43, '001', 1042, 14, '2017-Spring', 'ECE', 'N', 'N', 'CLS', NULL, 30, 'MM', 3, 'Optional', 'N', NULL, NULL),
(43, 44, '001', 1043, 16, '2017-Spring', 'ECE', 'N', 'N', 'IND', NULL, 30, 'MM', 1, 'Always', 'N', NULL, NULL),
(44, 45, '001', 1044, 32, '2017-Spring', 'EGR', 'Y', 'N', 'CLS', NULL, 24, 'MM', 3, 'Optional', 'N', NULL, NULL),
(45, 45, '002', 1045, 1, '2017-Spring', 'EGR', 'Y', 'N', 'CLS', 'Laura Lackey', 24, 'MM', 3, 'Optional', 'N', NULL, NULL),
(46, 45, '003', 1046, 4, '2017-Spring', 'EGR', 'Y', 'N', 'CLS', 'Laura Lackey', 24, 'MM', 3, 'Optional', 'N', NULL, NULL),
(47, 45, '004', 1047, 42, '2017-Spring', 'EGR', 'Y', 'N', 'CLS', 'Laura Lackey', 24, 'MM', 3, 'Optional', 'N', NULL, NULL),
(48, 46, '007', 1048, 25, '2017-Spring', 'EGR', 'Y', 'N', 'CLS', NULL, 30, 'MM', 3, 'Optional', 'N', NULL, NULL),
(49, 46, '008', 1049, 21, '2017-Spring', 'EGR', 'Y', 'N', 'CLS', NULL, 30, 'MM', 3, 'Optional', 'N', NULL, NULL),
(50, 46, '009', 1050, 7, '2017-Spring', 'EGR', 'Y', 'N', 'CLS', NULL, 15, 'MM', 3, 'Optional', 'N', NULL, NULL),
(51, 46, '010', 1051, 7, '2017-Spring', 'EGR', 'Y', 'N', 'CLS', NULL, 15, 'MM', 3, 'Optional', 'N', NULL, NULL),
(52, 47, '001', 1052, 16, '2017-Spring', 'EGR', 'N', 'N', 'IND', NULL, 30, 'MM', 1, 'Always', 'N', NULL, NULL),
(53, 48, '001', 1053, 26, '2017-Spring', 'EGR', 'N', 'N', 'CLS', NULL, 28, 'MM', 3, 'Optional', 'N', NULL, NULL),
(54, 49, '001', 1054, 26, '2017-Spring', 'EGR', 'N', 'N', 'CLS', NULL, 25, 'MM', 3, 'Optional', 'N', NULL, NULL),
(55, 49, '002', 1055, 41, '2017-Spring', 'EGR', 'N', 'N', 'CLS', NULL, 25, 'MM', 3, 'Optional', 'N', NULL, NULL),
(56, 49, '003', 1056, 41, '2017-Spring', 'EGR', 'N', 'N', 'CLS', NULL, 25, 'MM', 3, 'Optional', 'N', NULL, NULL),
(57, 50, '001', 1057, 23, '2017-Spring', 'EGR', 'N', 'N', 'CLS', NULL, 25, 'MM', 3, 'Optional', 'N', NULL, NULL),
(58, 50, '002', 1058, 38, '2017-Spring', 'EGR', 'N', 'N', 'CLS', NULL, 25, 'MM', 3, 'Optional', 'N', NULL, NULL),
(59, 50, '003', 1059, 30, '2017-Spring', 'EGR', 'N', 'N', 'CLS', NULL, 25, 'MM', 3, 'Optional', 'N', NULL, NULL),
(60, 50, '004', 1060, 30, '2017-Spring', 'EGR', 'N', 'N', 'CLS', NULL, 25, 'MM', 3, 'Optional', 'N', NULL, NULL),
(61, 51, '001', 1061, 14, '2017-Spring', 'EGR', 'N', 'N', 'CLS', NULL, 32, 'MM', 4, 'Optional', 'N', NULL, NULL),
(62, 52, '001', 1062, 8, '2017-Spring', 'EGR', 'N', 'N', 'CLS', NULL, 70, 'MM', 3, 'Optional', 'N', NULL, NULL),
(63, 52, '002', 1063, 13, '2017-Spring', 'EGR', 'N', 'N', 'CLS', NULL, 70, 'MM', 3, 'Optional', 'N', NULL, NULL),
(64, 53, '001', 1064, 13, '2017-Spring', 'EGR', 'Y', 'N', 'CLS', NULL, 16, 'MM', 1, 'Optional', 'N', NULL, NULL),
(65, 53, '002', 1065, 13, '2017-Spring', 'EGR', 'Y', 'N', 'CLS', NULL, 16, 'MM', 1, 'Optional', 'N', NULL, NULL),
(66, 53, '003', 1066, 13, '2017-Spring', 'EGR', 'Y', 'N', 'CLS', NULL, 16, 'MM', 1, 'Optional', 'N', NULL, NULL),
(67, 53, '004', 1067, 13, '2017-Spring', 'EGR', 'Y', 'N', 'CLS', NULL, 16, 'MM', 1, 'Optional', 'N', NULL, NULL),
(68, 53, '005', 1068, 13, '2017-Spring', 'EGR', 'Y', 'N', 'TBD', NULL, 16, 'MM', 1, 'Optional', 'N', NULL, NULL),
(69, 53, '006', 1069, 12, '2017-Spring', 'EGR', 'Y', 'N', 'TBD', NULL, 16, 'MM', 1, 'Optional', 'N', NULL, NULL),
(70, 54, '001', 1070, 34, '2017-Spring', 'EGR', 'N', 'N', 'CLS', NULL, 25, 'MM', 3, 'Optional', 'N', NULL, NULL),
(71, 54, '002', 1071, 34, '2017-Spring', 'EGR', 'N', 'N', 'CLS', NULL, 25, 'MM', 3, 'Optional', 'N', NULL, NULL),
(72, 54, '003', 1072, 34, '2017-Spring', 'EGR', 'N', 'N', 'CLS', NULL, 25, 'MM', 3, 'Optional', 'N', NULL, NULL),
(73, 55, '001', 1073, 16, '2017-Spring', 'EGR', 'N', 'N', 'IND', NULL, 30, 'MM', 1, 'Always', 'N', NULL, NULL),
(74, 56, '001', 1074, 35, '2017-Spring', 'EGR', 'N', 'N', 'CLS', NULL, 25, 'MM', 3, 'Optional', 'N', NULL, NULL),
(75, 56, '002', 1075, 40, '2017-Spring', 'EGR', 'N', 'N', 'CLS', NULL, 25, 'MM', 3, 'Optional', 'N', NULL, NULL),
(76, 56, '003', 1076, 39, '2017-Spring', 'EGR', 'N', 'N', 'CLS', NULL, 25, 'MM', 3, 'Optional', 'N', NULL, NULL),
(77, 57, '001', 1077, 14, '2017-Spring', 'EGR', 'N', 'N', 'CLS', NULL, 30, 'MM', 3, 'Optional', 'N', NULL, NULL),
(78, 57, '002', 1078, 13, '2017-Spring', 'EGR', 'N', 'N', 'CLS', NULL, 60, 'MM', 3, 'Optional', 'N', NULL, NULL),
(79, 58, '001', 1079, 16, '2017-Spring', 'EGR', 'N', 'N', 'IND', NULL, 30, 'MM', 1, 'Always', 'N', NULL, NULL),
(80, 59, '001', 1080, 37, '2017-Spring', 'EGR', 'N', 'N', 'TBD', NULL, 30, 'MM', 0, 'Always', 'N', NULL, NULL),
(81, 60, '001', 1081, 35, '2017-Spring', 'ISE', 'N', 'N', 'CLS', NULL, 30, 'MM', 3, 'Optional', 'N', 'EGR ISE 403.001', NULL),
(82, 61, '001', 1082, 37, '2017-Spring', 'ISE', 'N', 'N', 'CLS', NULL, 30, 'MM', 3, 'Optional', 'N', 'EGR ISE 425.001', NULL),
(83, 62, '002', 1083, 52, '2017-Spring', 'ISE', 'N', 'N', 'CLS', NULL, 25, 'MM', 3, 'Optional', 'N', 'EGR ISE 468.001', NULL),
(84, 63, '001', 1084, 53, '2017-Spring', 'ISE', 'N', 'N', 'TBD', NULL, 30, 'MM', 3, 'Optional', 'N', NULL, NULL),
(85, 64, '001', 1085, 43, '2017-Spring', 'EVE', 'N', 'N', 'CLS', NULL, 28, 'MM', 3, 'Optional', 'N', NULL, NULL),
(86, 64, '001', 1086, 43, '2017-Spring', 'EVE', 'Y', 'N', 'CLS', NULL, 12, 'MM', 1, 'Optional', 'N', NULL, NULL),
(87, 66, '001', 1087, 46, '2017-Spring', 'EVE', 'N', 'N', 'CLS', NULL, 30, 'MM', 3, 'Optional', 'N', NULL, NULL),
(88, 67, '001', 1088, 5, '2017-Spring', 'EVE', 'N', 'N', 'CLS', NULL, 30, 'MM', 3, 'Optional', 'N', 'EGR EVE 505.001', NULL),
(89, 68, '001', 1089, 46, '2017-Spring', 'EVE', 'N', 'N', 'CLS', NULL, 30, 'MM', 3, 'Never', 'N', 'EGR EVE 512.001', NULL),
(90, 69, '001', 1090, 16, '2017-Spring', 'EVE', 'N', 'N', 'CLS', NULL, 30, 'MM', 3, 'Optional', 'N', NULL, NULL),
(91, 70, '001', 1091, 1, '2017-Spring', 'EVE', 'N', 'N', 'IND', 'Pablo Biswas', 100, 'MM', 0, 'Always', 'N', 'EGR BME 480.001, EGR ECE 480.001, EGR ECE 481.001, EGR IDM 480.001, EGR ISE 480.001, EGR MAE 480.001', NULL),
(92, 71, '001', 1092, 48, '2017-Spring', 'EVE', 'Y', 'N', 'CLS', NULL, 100, 'MM', 2, 'Optional', 'N', 'EGR BME 487.001, EGR ECE 485.001, EGR ECE 487.001, EGR IDM 487.001, EGR ISE 487.001, EGR MAE 487.001', NULL),
(93, 72, '001', 1093, 3, '2017-Spring', 'EVE', 'Y', 'N', 'CLS', 'Scott Schultz', 150, 'MM', 2, 'Optional', 'N', 'EGR BME 488.001, EGR ECE 486.001, EGR ECE 488.001, EGR IDM 488.001, EGR ISE 488.001, EGR MAE 488.001', NULL),
(94, 73, '001', 1094, 5, '2017-Spring', 'EVE', 'N', 'N', 'CLS', NULL, 30, 'MM', 3, 'Optional', 'N', 'EGR EVE 405.001', NULL),
(95, 74, '001', 1095, 46, '2017-Spring', 'EVE', 'N', 'N', 'CLS', NULL, 30, 'MM', 3, 'Optional', 'N', 'EGR EVE 412.001', NULL),
(96, 75, '001', 1096, 43, '2017-Spring', 'EVE', 'N', 'N', 'CLS', NULL, 30, 'MM', 3, 'Optional', 'N', NULL, NULL),
(97, 76, '001', 1097, 52, '2017-Spring', 'ISE', 'N', 'N', 'CLS', NULL, 15, 'MM', 1, 'Optional', 'N', 'EGR ISE 288.001', NULL),
(98, 77, '001', 1098, 52, '2017-Spring', 'ISE', 'N', 'N', 'CLS', NULL, 25, 'MM', 3, 'Optional', 'N', NULL, NULL),
(99, 78, '001', 1099, 5, '2017-Spring', 'ISE', 'Y', 'N', 'CLS', NULL, 150, 'MM', 2, 'Optional', 'N', 'EGR BME 487.001, EGR ECE 485.001, EGR ECE 487.001, EGR EVE 487.001, EGR ISE 487.001, EGR MAE 487.001', NULL),
(100, 79, '001', 1100, 3, '2017-Spring', 'ISE', 'Y', 'N', 'CLS', 'Scott Schultz', 150, 'MM', 2, 'Optional', 'N', 'EGR BME 488.001, EGR ECE 486.001, EGR ECE 488.001, EGR EVE 488.001, EGR ISE 488.001, EGR MAE 488.001', NULL),
(101, 80, '001', 1101, 52, '2017-Spring', 'ISE', 'N', 'N', 'CLS', NULL, 15, 'MM', 1, 'Optional', 'N', 'EGR IDM 288.001', NULL),
(102, 81, '001', 1102, 53, '2017-Spring', 'ISE', 'N', 'N', 'CLS', NULL, 25, 'MM', 3, 'Optional', 'N', NULL, NULL),
(103, 82, '001', 1103, 35, '2017-Spring', 'ISE', 'N', 'N', 'CLS', NULL, 30, 'MM', 3, 'Optional', 'N', NULL, NULL),
(104, 83, '001', 1104, 37, '2017-Spring', 'ISE', 'N', 'N', 'CLS', NULL, 25, 'MM', 3, 'Optional', 'N', NULL, NULL),
(105, 84, '001', 1105, 35, '2017-Spring', 'ISE', 'N', 'N', 'CLS', NULL, 30, 'MM', 3, 'Optional', 'N', 'EGR ETM 503.001', NULL),
(106, 85, '001', 1106, 37, '2017-Spring', 'ISE', 'N', 'N', 'CLS', NULL, 30, 'MM', 4, 'Optional', 'N', NULL, NULL),
(107, 85, '001', 1107, 37, '2017-Spring', 'ISE', 'N', 'N', 'CLS', NULL, 30, 'MM', 4, 'Optional', 'N', 'EGR ETM 525.001', NULL),
(108, 86, '001', 1108, 52, '2017-Spring', 'ISE', 'N', 'N', 'CLS', NULL, 25, 'MM', 3, 'Optional', 'N', 'EGR ETM 568.001', NULL),
(109, 87, '001', 1109, 1, '2017-Spring', 'ISE', 'N', 'N', 'IND', 'Pablo Biswas', 150, 'MM', 0, 'Always', 'N', 'EGR BME 480.001, EGR ECE 480.001, EGR ECE 481.001, EGR EVE 480.001, EGR IDM 480.001, EGR MAE 480.001', NULL),
(110, 88, '001', 1110, 53, '2017-Spring', 'ISE', 'N', 'N', 'CLS', NULL, 25, 'MM', 1, 'Never', 'N', NULL, NULL),
(111, 89, '001', 1111, 5, '2017-Spring', 'ISE', 'Y', 'N', 'CLS', NULL, 150, 'MM', 2, 'Optional', 'N', 'EGR BME 487.001, EGR ECE 485.001, EGR ECE 487.001, EGR EVE 487.001, EGR IDM 487.001, EGR MAE 487.001', NULL),
(112, 90, '001', 1112, 3, '2017-Spring', 'ISE', 'Y', 'N', 'CLS', 'Scott Schultz', 150, 'MM', 2, 'Optional', 'N', 'EGR BME 488.001, EGR ECE 486.001, EGR ECE 488.001, EGR EVE 488.001, EGR IDM 488.001, EGR MAE 488.001', NULL),
(113, 91, '001', 1113, 23, '2017-Spring', 'MAE', 'Y', 'N', 'CLS', NULL, 24, 'MM', 2, 'Optional', 'N', NULL, NULL),
(114, 91, '002', 1114, 23, '2017-Spring', 'MAE', 'Y', 'N', 'CLS', NULL, 24, 'MM', 2, 'Optional', 'N', NULL, NULL),
(115, 92, '001', 1115, 1, '2017-Spring', 'MAE', 'Y', 'N', 'CLS', NULL, 15, 'MM', 2, 'Optional', 'N', NULL, NULL),
(116, 92, '002', 1116, 38, '2017-Spring', 'MAE', 'Y', 'N', 'CLS', NULL, 15, 'MM', 2, 'Optional', 'N', NULL, NULL),
(117, 93, '001', 1117, 65, '2017-Spring', 'MAE', 'N', 'N', 'CLS', NULL, 25, 'MM', 4, 'Optional', 'N', NULL, NULL),
(118, 93, '002', 1118, 65, '2017-Spring', 'MAE', 'N', 'N', 'CLS', NULL, 25, 'MM', 4, 'Optional', 'N', NULL, NULL),
(119, 93, '001', 1119, 58, '2017-Spring', 'MAE', 'Y', 'N', 'CLS', '*Ken Marek', 12, 'MM', 1, 'Optional', 'N', NULL, NULL),
(120, 93, '002', 1120, 30, '2017-Spring', 'MAE', 'Y', 'N', 'CLS', '*Mihut, Dorina', 12, 'MM', 1, 'Optional', 'N', NULL, NULL),
(121, 93, '003', 1121, 58, '2017-Spring', 'MAE', 'Y', 'N', 'CLS', '*Ken Marek', 12, 'MM', 1, 'Optional', 'N', NULL, NULL),
(122, 93, '004', 1122, 30, '2017-Spring', 'MAE', 'Y', 'N', 'CLS', '*Mihut, Dorina', 12, 'MM', 1, 'Optional', 'N', NULL, NULL),
(123, 95, '001', 1123, 3, '2017-Spring', 'MAE', 'N', 'N', 'CLS', NULL, 25, 'MM', 3, 'Optional', 'N', NULL, NULL),
(124, 95, '001', 1124, 3, '2017-Spring', 'MAE', 'N', 'N', 'CLS', NULL, 25, 'MM', 3, 'Optional', 'N', NULL, NULL),
(125, 96, '001', 1125, 58, '2017-Spring', 'MAE', 'N', 'N', 'CLS', NULL, 25, 'MM', 3, 'Optional', 'N', NULL, NULL),
(126, 96, '002', 1126, 58, '2017-Spring', 'MAE', 'N', 'N', 'CLS', NULL, 25, 'MM', 3, 'Optional', 'N', NULL, NULL),
(127, 97, '001', 1127, 62, '2017-Spring', 'MAE', 'N', 'N', 'CLS', NULL, 25, 'MM', 3, 'Optional', 'N', NULL, NULL),
(128, 97, '002', 1128, 65, '2017-Spring', 'MAE', 'N', 'N', 'CLS', NULL, 25, 'MM', 3, 'Optional', 'N', NULL, NULL),
(129, 98, '001', 1129, 41, '2017-Spring', 'MAE', 'N', 'N', 'CLS', NULL, 28, 'MM', 3, 'Optional', 'N', NULL, NULL),
(130, 99, '001', 1130, 62, '2017-Spring', 'MAE', 'N', 'N', 'CLS', NULL, 25, 'MM', 3, 'Optional', 'N', 'EGR MAE 536.001', NULL),
(131, 100, '001', 1131, 62, '2017-Spring', 'MAE', 'N', 'N', 'CLS', NULL, 25, 'MM', 3, 'Optional', 'N', 'EGR MAE 436.001', NULL),
(132, 101, '001', 1132, 38, '2017-Spring', 'MAE', 'N', 'N', 'CLS', NULL, 28, 'MM', 3, 'Optional', 'N', NULL, NULL),
(133, 102, '0W1', 1133, 15, '2017-Spring', 'ECE', 'N', 'N', 'DL', NULL, 30, 'DL', 3, 'Never', 'N', NULL, NULL),
(134, 103, '0W1', 1134, 15, '2017-Spring', 'ECE', 'N', 'N', 'DL', NULL, 30, 'DL', 3, 'Never', 'N', NULL, NULL),
(135, 104, '0W1', 1135, 19, '2017-Spring', 'ECE', 'N', 'N', 'DL', NULL, 30, 'DL', 3, 'Never', 'N', NULL, NULL),
(136, 105, '0W1', 1136, 15, '2017-Spring', 'ECE', 'N', 'N', 'DL', NULL, 30, 'DL', 3, 'Never', 'N', NULL, NULL),
(137, 106, '001', 1137, 70, '2017-Spring', 'TCO', 'N', 'N', 'CLS', NULL, 20, 'MM', 3, 'Optional', 'N', NULL, NULL),
(138, 106, '002', 1138, 71, '2017-Spring', 'TCO', 'N', 'N', 'CLS', NULL, 20, 'MM', 3, 'Optional', 'N', NULL, NULL),
(139, 106, '003', 1139, 70, '2017-Spring', 'TCO', 'N', 'N', 'CLS', NULL, 20, 'MM', 3, 'Optional', 'N', NULL, NULL),
(140, 106, '004', 1140, 69, '2017-Spring', 'TCO', 'N', 'N', 'CLS', NULL, 20, 'MM', 3, 'Optional', 'N', NULL, NULL),
(141, 106, '005', 1141, 66, '2017-Spring', 'TCO', 'N', 'N', 'CLS', NULL, 20, 'MM', 3, 'Optional', 'N', NULL, NULL),
(142, 107, '001', 1142, 68, '2017-Spring', 'TCO', 'Y', 'N', 'CLS', NULL, 20, 'MM', 3, 'Optional', 'N', NULL, NULL),
(143, 108, '001', 1143, 67, '2017-Spring', 'TCO', 'N', 'N', 'CLS', NULL, 20, 'MM', 3, 'Optional', 'N', NULL, NULL),
(144, 108, '002', 1144, 67, '2017-Spring', 'TCO', 'N', 'N', 'CLS', NULL, 20, 'MM', 3, 'Optional', 'N', NULL, NULL),
(145, 108, '003', 1145, 68, '2017-Spring', 'TCO', 'N', 'N', 'CLS', NULL, 20, 'MM', 3, 'Optional', 'N', NULL, NULL),
(146, 108, '004', 1146, 68, '2017-Spring', 'TCO', 'N', 'N', 'CLS', NULL, 20, 'MM', 3, 'Optional', 'N', NULL, NULL),
(147, 109, '001', 1147, 66, '2017-Spring', 'TCO', 'N', 'N', 'CLS', NULL, 20, 'MM', 3, 'Optional', 'N', NULL, NULL),
(148, 110, '001', 1148, 69, '2017-Spring', 'TCO', 'Y', 'N', 'CLS', NULL, 20, 'MM', 3, 'Optional', 'N', NULL, NULL),
(149, 111, '001', 1149, 67, '2017-Spring', 'TCO', 'N', 'N', 'CLS', NULL, 25, 'MM', 3, 'Optional', 'N', NULL, NULL),
(150, 112, '001', 1150, 66, '2017-Spring', 'TCO', 'N', 'N', 'IND', NULL, 30, 'MM', 0, 'Always', 'N', NULL, NULL),
(151, 113, '001', 1151, 69, '2017-Spring', 'TCO', 'N', 'N', 'IND', NULL, 5, 'MM', 3, 'Optional', 'N', NULL, NULL),
(152, 113, '002', 1152, 67, '2017-Spring', 'TCO', 'N', 'N', 'IND', NULL, 5, 'MM', 3, 'Optional', 'N', NULL, NULL),
(153, 114, '0W1', 1153, 70, '2017-Spring', 'TCO', 'N', 'N', 'DL', NULL, 20, 'DL', 3, 'Optional', 'N', NULL, NULL),
(154, 115, '0W1', 1154, 70, '2017-Spring', 'TCO', 'N', 'N', 'DL', NULL, 20, 'DL', 3, 'Optional', 'N', NULL, NULL);
